artist,Biography,Listeners,Playcount,Similar Artists
Bernardo Vazquez," <a href=""https://www.last.fm/music/Bernardo+Vazquez"">Read more on Last.fm</a>",1924,10503,"['Canelita', 'Luis Cortés', 'José Rey', 'Angeliyo El Blanco', 'LOS YAKIS']"
El Duende Callejero," <a href=""https://www.last.fm/music/El+Duende+Callejero"">Read more on Last.fm</a>",3503,38917,"['RaulE', 'Salistre', 'Cosa de Dos Flamenco', 'Astola', 'Diván du Don']"
Sergio Contreras,"Sergio Contreras, nace en Huelva y desde muy pequeño ya muestra interés especial por la música. Su primer contacto importante con la música comienza cuando con apenas 12 años compaginaba sus estudios con su trabajo en la radio hasta hacerse un hueco importante como locutor de radio. Su don de palabra y simpatía no pasaron desapercibidos y le permitieron, además, comenzar su andadura musical como Dj y speaker logrando pinchar en discotecas de alto renombre. <a href=""https://www.last.fm/music/Sergio+Contreras"">Read more on Last.fm</a>",51196,374223,"['Kiko & Shara', 'Decai', 'Los Rebujitos', 'El maki', 'David DeMaría']"
Antonio Carmona,"The name of Antonio Carmona is indissolubly linked to that of Ketama, although he isn't one of its founding members. He is the singer and leader or, at the very least, the most visible element of the band. He has also been considered one of the best percussionists in the country. He has been the main divulger of the Peruvian cajón, which was introduced into flamenco by the Brazilian percussionist Rubem Dantas.

He is one of the leading representatives of new flamenco <a href=""https://www.last.fm/music/Antonio+Carmona"">Read more on Last.fm</a>",30395,170332,"['Pitingo', 'José Mercé', 'Kiko & Shara', 'Sergio Contreras', 'David DeMaría']"
Kañasur," <a href=""https://www.last.fm/music/Ka%C3%B1asur"">Read more on Last.fm</a>",163,1600,"['Cherezade', 'El Suso', 'El biri', 'María Artés Lamorena', 'Fran Ocaña']"
Tomasito,"Tomasito is originally from Jerez de la Frontera, Spain.

Jerez is where the flamenco ""palo"" bulería is most famous. It is a popular music style among namely within the gipsy community, and often sang outside in the streets with great ease and artistry. Nowhere else will you be able to listen  anything similar.

What makes Tomasito unquique is his Rap-Flamenco fusion dancing, together with his Heavy-Flamenco-Punk  mix.

He has written famous ""easy listening"" Spanish pop songs, but what he likes best is mixing his roots with AC/DCs and alikes. <a href=""https://www.last.fm/music/Tomasito"">Read more on Last.fm</a>",10288,49933,"['Calima', 'Lumbre', 'El Canijo de Jerez', 'Raimundo Amador', ""D'Callaos""]"
Tomatito,"José Fernández Torres, known as Tomatito (born Almería, 1958), is a Spanish flamenco guitarist. He was born among great flamenco guitarists, including his father Tomate and uncle Niño Miguel.

Tomatito became a flamenco sensation at an early age when he was discovered by famed guitarist Paco de Lucía and began working in part with legendary flamenco singer Camarón de la Isla.

In 1979, the trio produced a hit called ""La Leyenda del Tiempo."" Their partnership continued until Camarón's death in 1992. <a href=""https://www.last.fm/music/Tomatito"">Read more on Last.fm</a>",74050,454866,"['Vicente Amigo', 'Paco de Lucía', 'Sabicas', 'Camarón de la Isla', 'Enrique Morente']"
Pyllo Cortes," <a href=""https://www.last.fm/music/Pyllo+Cortes"">Read more on Last.fm</a>",849,6856,"['Big Lois', 'M Caló', 'Luis Cortés', 'Galvan Real', 'Keen Levy']"
Sandra Carrasco," <a href=""https://www.last.fm/music/Sandra+Carrasco"">Read more on Last.fm</a>",2435,16879,"['Montse Cortés', 'Miguel Poveda', 'Javier Limón', 'Rocío Márquez', 'Josemi Carmona']"
Moncho Chavea," <a href=""https://www.last.fm/music/Moncho+Chavea"">Read more on Last.fm</a>",17268,143307,"['Cano', 'Liderj', 'Oscar el Ruso', 'Yapi', 'Original Elias']"
El Sebas de la Calle," <a href=""https://www.last.fm/music/El+Sebas+de+la+Calle"">Read more on Last.fm</a>",1659,10035,"['Manuel González (Ex Rebujito)', 'León Bravo', 'La Cebolla', 'El Suso', 'Lorena Santos']"
Miguel Campello," <a href=""https://www.last.fm/music/Miguel+Campello"">Read more on Last.fm</a>",9326,111543,"['El Canijo de Jerez', 'elbicho', 'Antoñito Molina', 'Juanito Makandé', 'Nolasco']"
Manuel Medrano,"Manuel Alejandro Medrano López (Cartagena de Indias, Colombia; 29 de octubre de 1987), es un cantautor colombiano,5​ ganador de dos Premios Grammy Latinos. <a href=""https://www.last.fm/music/Manuel+Medrano"">Read more on Last.fm</a>",119542,2595336,"['Andrés Cepeda', 'Bacilos', 'Morat', 'Reik', 'Mike Bahía']"
Camila,"Camila is a Mexican soft rock group formed in 2005 which reached success in their home country and all over Latin America upon the release of their debut album Todo Cambió. (Not to be confused with South Korean pop group Camila, which can be found here: 카밀라)

The group includes Mario Domm (producer and composer) from Mexico City, Samuel Parra ""Samo"" (vocalist) from Veracruz and Pablo Hurtado (guitarist) from San Luis Potosí.

The group's name came from a friend's idea of calling the group ""Camila"" because it means ""close to God"".  <a href=""https://www.last.fm/music/Camila"">Read more on Last.fm</a>",419737,7487876,"['Reik', 'Sin Bandera', 'Jesse & Joy', 'Ha*Ash', 'La Quinta Estación']"
Nouna," <a href=""https://www.last.fm/music/Nouna"">Read more on Last.fm</a>",928,6348,"['Angeliyo El Blanco', 'Big Lois', 'Manuel Cortés', 'Fran y Nico', 'LOS BANIS']"
David DeMaría,"David DeMaría (born January 20, 1976) is a Spanish singer and songwriter. David was born in Jerez de la Frontera in Cádiz Province, Spain. His career started when he was 14 years old with the Spanish group Kelliam 71. He was with them for 6 years. His first solo album came when he was 19 years old. The self-titled album was followed with Soñar Despierto {Dreaming Awake} in 1997, El Color del Destino {The Color of Destiny} in 2001, Sin Miedo a Perder {Without Fear of Losing} in 2003, and Barcos de Papel {Paper Boats} in 2004. <a href=""https://www.last.fm/music/+noredirect/David+DeMar%C3%ADa"">Read more on Last.fm</a>",45710,371084,"['Diego Martín', 'Merche', 'David Bustamante', 'David Civera', 'Kiko & Shara']"
El Barrio," <a href=""https://www.last.fm/music/El+Barrio"">Read more on Last.fm</a>",42652,795278,"['Fondo Flamenco', 'El Arrebato', 'Niña Pastori', 'Manuel Carrasco', 'Los Chunguitos']"
Montse Cortés," <a href=""https://www.last.fm/music/+noredirect/Montse+Cort%C3%A9s"">Read more on Last.fm</a>",5726,28732,"['Potito', 'La Susi', 'La Tana', 'Marina Heredia', 'Ginesa Ortega']"
Manzanita,"There have been multiple artists that recorded under the name Mananita.

1. Real name: José Manuel Ortega Heredia. Born in 1956 in Madrid, died in 2004 in Alhaurín de la Torre, Málaga.
Alongside Manuel Montoya (from Lole y Manuel), Paco de Lucía and a few others, Manzanita was one of the first to merge, to make progress towards developing new flamenco. Since his first record as a solo artist (""Poco ruido y mucho duende"". 1978), Manzanita has been blending flamenco with rumba or pop. <a href=""https://www.last.fm/music/Manzanita"">Read more on Last.fm</a>",71265,413964,"['Los Chunguitos', 'Los Chichos', 'Camarón de la Isla', 'El Arrebato', 'El Barrio']"
La Puri," <a href=""https://www.last.fm/music/La+Puri"">Read more on Last.fm</a>",382,1422,"['La Cebolla', 'Negro Jari', 'León Bravo', 'Lorena Santos', 'Raul Camacho']"
Manu Tenorio,"Manuel Ángel Vergara Tenorio, más conocido como Manu Tenorio nació en el sevillano barrio de Triana el 1 de abril de 1975. Con 17 años ya sabía que su futuro estaría unido al mundo de la música. Manu ha pertenecido a varios grupos como ""La Farándula"" y ""De Madera"". Uno de sus mejores amigos fue quien vio el anuncio del casting de Operación Triunfo y le animó a presentarse, este matiz cambió completamente el rumbo de su vida. Concebido como un reality <a href=""https://www.last.fm/music/Manu+Tenorio"">Read more on Last.fm</a>",10610,48227,"['Carlos Ponce', 'David Civera', 'David Bustamante', 'Nuria Fergó', 'La Banda Del Capitan Canalla']"
Saga WhiteBlack," <a href=""https://www.last.fm/music/Saga+WhiteBlack"">Read more on Last.fm</a>",234,878,[]
Diego del Morao,"Diego del Morao from Jerez de la Frontera, Spain is one of the most sought-after guitarists on today's scene, recording and touring constantly with flamenco's most well-known artists such as Diego el Cigala, Niña Pastori, and La Macanita among others. Son of legendary guitarist Moraíto, guitarists around the world track down every bit of his music and learn his original material, emulating his technique. Even Paco de Lucía made a cameo appearance on his recent solo release ""Orate"" (2010 Cigala Music).  <a href=""https://www.last.fm/music/Diego+Del+Morao"">Read more on Last.fm</a>",3551,16261,"['Antonio Rey', 'Pedro Sierra', 'Dani de Morón', 'Moraíto', 'Daniel Casares']"
Cali Y El Dandee," <a href=""https://www.last.fm/music/+noredirect/Cali+Y+El+Dandee"">Read more on Last.fm</a>",121055,1653990,[]
Macaco,"Macaco is a multicultural musical band from Barcelona, created in 1997 when ex-Magia Animal, Dr. No, and Ojos de Brujo, Macaco (Dani Carbonell) joined La Hermandad Chirusa, a band formed by talented musicians from Argentina, Colombia, Brazil, and Spain, to make his first solo record. The band has changed much over the years, the  only exception being Dani. The band members come from different countries such as Brazil, Cameroon, Venezuela and Spain.  <a href=""https://www.last.fm/music/Macaco"">Read more on Last.fm</a>",233024,2782513,"['Chambao', 'Antonio Orozco', 'Amparanoia', 'Ojos de Brujo', 'Jarabe de Palo']"
Vicente El Vizio," <a href=""https://www.last.fm/music/Vicente+El+Vizio"">Read more on Last.fm</a>",12,166,[]
Parrita," <a href=""https://www.last.fm/music/Parrita"">Read more on Last.fm</a>",7281,45637,"['Tijeritas', 'La Susi', 'Canelita', 'Potito', 'Junco']"
Negro Jari," <a href=""https://www.last.fm/music/Negro+Jari"">Read more on Last.fm</a>",573,2262,"['La Cebolla', 'León Bravo', 'Raul Camacho', 'Galvan Real', 'Cocojr']"
Marina García," <a href=""https://www.last.fm/music/Marina+Garc%C3%ADa"">Read more on Last.fm</a>",7,12,[]
Annalisa,"Three artists under the name Annalisa;

1) Italian singer Annalisa Scarrone, born 5 August 1985 in Carcare, Savona, Italy. Better known as simply Annalisa or Nali, is an Italian pop singer and songwriter. After being part of two bands, Elaphe Guttata and leNoire, she became famous after participating in the tenth edition of the talent show Amici di Maria De Filippi in 2010–2011, where she finished in second place. Subsequently Annalisa participated five times in the Festival di Sanremo in: 2013 with Scintille (9th) <a href=""https://www.last.fm/music/Annalisa"">Read more on Last.fm</a>",89562,4402189,"['Elodie', 'Angelina Mango', 'Emma', 'Rose Villain', 'Francesca Michielin']"
Manuel Carrasco,"Manuel Carrasco (born January 15, 1981) is a Spanish singer who was born in Isla Cristina, Province of Huelva (Andalucía), Spain. He was one of the three finalists of the second edition of TV program Operación Triunfo and his debut album called ""Quiéreme"" sold more than 200,000 records. <a href=""https://www.last.fm/music/Manuel+Carrasco"">Read more on Last.fm</a>",74726,1040492,"['Antonio Orozco', 'India Martinez', 'Antonio José', 'Pablo Alborán', 'Melendi']"
David Bisbal,"
David Bisbal Ferre (born June 5, 1979 in Almería, Spain) is a Latin Grammy-winning Spanish pop singer. He gained his initial fame as a runner up on the interactive reality television show Operación Triunfo produced by Television Española.

He has since released five studio albums, all of which topped the Spanish Albums Chart, in addition to recording a number of live albums. He's toured throughout Europe and Latin America and is now considered to be a crossover international artist. <a href=""https://www.last.fm/music/David+Bisbal"">Read more on Last.fm</a>",319544,4261470,"['Luis Fonsi', 'Alex Ubago', 'Cristian Castro', 'Pablo Alborán', 'Manuel Carrasco']"
El Canijo de Jerez," <a href=""https://www.last.fm/music/El+Canijo+de+Jerez"">Read more on Last.fm</a>",9835,131111,"['Juanito Makandé', 'Estricnina', 'Tomasito', 'Miguel Campello', 'Tu otra bonita']"
Niña Pastori,"Niña Pastori is a Spanish flamenco singer (cantaora). She was born María Rosa García García in San Fernando (Cádiz) on 15 January 1978. The youngest of five siblings and only daughter of a military man (José) and gypsy flamenco singer La Pastori, she started her artistic career at a very young age. By the time she was six, she was accompanying her mother to  the flamenco tablaos of her neighborhood, ""el Boquete"". A year later she won a contest in San Fernando <a href=""https://www.last.fm/music/+noredirect/Ni%C3%B1a+Pastori"">Read more on Last.fm</a>",130228,1016592,"['Ketama', 'El Barrio', 'Diego El Cigala', 'Rosario', 'Fondo Flamenco']"
Sayflhak," <a href=""https://www.last.fm/music/Sayflhak"">Read more on Last.fm</a>",3,5,[]
Ecos del Rocío," <a href=""https://www.last.fm/music/+noredirect/Ecos+del+Roc%C3%ADo"">Read more on Last.fm</a>",1395,13093,"['Paco Candela', 'María de la Colina', 'Galopando por los Sueños', 'Los Marismeños', 'Coro De La Hermandad Del Rocio De Sevilla']"
Raúl El Balilla," <a href=""https://www.last.fm/music/Ra%C3%BAl+El+Balilla"">Read more on Last.fm</a>",601,3435,"['Pilar Bogado', 'David Barrull', 'Triana De Alba', 'Sarayma', 'Sofía Gaona']"
Miguel Poveda,"Born in Badalona (Barcelona), Spain, in 1973

In 2007, he received the National Prize of Music for his great ability as a performer. When he was fifteen years old, he started to sing in the “Peñas Flamencas” circle.
In 1993, after winning four prizes including the “Lámpara Minera” (one of the most prestigious prizes in the Flamenco genre) in the national singing contest, “Cante de las Minas” in La Unión (Murcia-Spain), he started his professional career. <a href=""https://www.last.fm/music/Miguel+Poveda"">Read more on Last.fm</a>",41829,313673,"['Carmen Linares', 'Duquende', 'Marina Heredia', 'Son De La Frontera', 'José Mercé']"
María Peláe," <a href=""https://www.last.fm/music/Mar%C3%ADa+Pel%C3%A1e"">Read more on Last.fm</a>",10247,206714,"['st. Pedro', 'Marlena', 'Lérica', 'Rigoberta Bandini', 'Ana Guerra']"
El Tren de los Sueños," <a href=""https://www.last.fm/music/+noredirect/El+Tren+De+Los+Sue%C3%B1os"">Read more on Last.fm</a>",2654,28222,"['Los Rebujitos', 'SinLache', 'Marta Quintero', 'Belén Moreno', 'Decai']"
Sergio Dalma,"Sergio Dalma is a Catalan pop singer. He was born as Josep Sergi Capdevila Querol on September 28, 1964 in Sabadell (near Barcelona).

Sergio Dalma started his career singing in bands and doing chorus, until he won the TV program ""Gent d'aqui"", in the Catalan station of TVE, which won him a regular contract to sing in the Shadows night-club in Barcelona. Sergio signed up with the record company Horus, and edited his first album, ""Esa chica es mia"", in 1989. <a href=""https://www.last.fm/music/Sergio+Dalma"">Read more on Last.fm</a>",68786,690328,"['Café Quijano', 'José Luis Perales', 'Ella Baila Sola', 'El Arrebato', 'Camela']"
MARÍA TOLEDO," <a href=""https://www.last.fm/music/Mar%C3%ADa+Toledo"">Read more on Last.fm</a>",811,4195,"['Kiki Morente', 'Israel Fernández', 'Parrita', 'El Pele', 'Potito']"
David Barrull," <a href=""https://www.last.fm/music/David+Barrull"">Read more on Last.fm</a>",2257,19355,"['Nolasco', 'Sarayma', 'Canelita', 'Parrita', 'Rasel']"
Celia Flores," <a href=""https://www.last.fm/music/Celia+Flores"">Read more on Last.fm</a>",1974,8758,"['Tijeritas', 'El maki', 'Maita Vende Ca', 'Parrita', 'La Húngara']"
Las Chuches," <a href=""https://www.last.fm/music/Las+Chuches"">Read more on Last.fm</a>",12215,86430,"['Papá Levante', 'Kiki Morente', 'Flores Raras', 'MËSTIZA', 'Lucía Fernanda']"
Decai," <a href=""https://www.last.fm/music/Decai"">Read more on Last.fm</a>",18920,127647,"['Kiko & Shara', 'Sergio Contreras', 'Radio Macandé', 'Los Rebujitos', 'La Madre Del Topo']"
El Suso," <a href=""https://www.last.fm/music/El+Suso"">Read more on Last.fm</a>",1698,9693,"['Fran Ocaña', 'Sarayma', 'Pedro El Flamenkito', 'El biri', 'Los Rebujitos']"
El Arrebato,"Javier Labandón, más conocido por su nombre artístico El Arrebato, es un cantautor español de rumba-pop y flamenco.

Comenzó su carrera artística sobre 1985 y su carrera discográfica en 1988 sacando su primer disco con el grupo Piel morena en el que le acompañaban 2 grandes amigos de su Sevilla natal . Con ellos cosechó sus primeros éxitos hasta el 8 de septiembre de 1998, cuando Piel Morena se disolvió definitivamente tras varios cambios en la formación. <a href=""https://www.last.fm/music/El+Arrebato"">Read more on Last.fm</a>",56607,475151,"['El Barrio', 'Andy & Lucas', 'Melendi', 'Estopa', 'India Martinez']"
Galvan Real," <a href=""https://www.last.fm/music/Galvan+Real"">Read more on Last.fm</a>",6887,97349,"['Raul Camacho', 'León Bravo', 'Keen Levy', 'Luis Cortés', 'Daviles de Novelda']"
Demarco,"With an intense love and enthusiasm for every aspect of the music business – from producing to songwriting to deejaying to engineering – Demarco has his fingers on the pulse of almost every genre of the infectious rhythms of the world. Whether it’s reggae, dancehall, hip-hop, R&B, Demarco has written and produced for the best of them. Top names like Olivia, Styles P and Sean Paul have experienced his producing skills, while Bounty Killer and <a href=""https://www.last.fm/music/Demarco"">Read more on Last.fm</a>",112277,762844,"['Konshens', 'Busy Signal', 'Vybz Kartel', 'Aidonia', 'Christopher Martin']"
Duquende,"Juan Rafael Cortés Santiago, known as Duquende (born Sabadell, 1965). For a long time he has been considered one of Camarón de la Isla's best successors. In fact, it was the legendary cantaor who ""initiated"" him by inviting Duquende to sing when he was only nine years old, as Camarón himself accompanied him on guitar. Although in his artistic trajectory he has already shown that there is plenty more to him than being a mere copy-cat, and that he may be even more than a successor <a href=""https://www.last.fm/music/Duquende"">Read more on Last.fm</a>",50580,209234,"['Carmen Linares', 'José Mercé', 'Son De La Frontera', 'Remedios Amaya', 'Diego Carrasco']"
Javi Cantero," <a href=""https://www.last.fm/music/Javi+Cantero"">Read more on Last.fm</a>",4648,23999,"['Estricnina', 'El Chaval De La Peca', 'Manu Tenorio', 'Daviles de Novelda', 'Lorena Santos']"
Camaron De La Isla,"El Camarón de la Isla (born December 5, 1950, San Fernando, Spain; died July 2, 1992, Badalona, Spain), stage name of flamenco singer José Monje Cruz but is sometimes also credited as José Monge Cruz.
His uncle José nicknamed him Camarón (Spanish for ""Shrimp"") because he was blonde haired and fair skinned. At the age of eight he began to sing at inns and bus stops with Rancapino to earn money. At sixteen he won first prize in the Festival del Cante Jondo in Mairena de Alcor. <a href=""https://www.last.fm/music/+noredirect/Camaron+De+La+Isla"">Read more on Last.fm</a>",51563,681404,[]
Jorge Pardo,"Jorge Pardo is a saxophonist and flautist from Madrid, Spain.

He was introduced to flamenco by joining Paco de Lucía's band to form the first jazz-flamenco combination with Rubem Dantas, Carles Benavent, among others. Prior to that, he was member of a band called Dolores.

He has collaborated in an endless list of jazz and flamenco records, and performed along with artists like Michael Brecker. He was also part of the line up of Chick Corea's Touchstone band. <a href=""https://www.last.fm/music/Jorge+Pardo"">Read more on Last.fm</a>",24995,115155,"['Son De La Frontera', 'Duquende', 'Diego Carrasco', 'Diego Amador', 'Carmen Linares']"
Joselito Acedo," <a href=""https://www.last.fm/music/Joselito+Acedo"">Read more on Last.fm</a>",471,5068,"['Israel Fernández', 'Moraíto', 'Rocío Márquez', 'Dani de Morón', 'Antonio Rey']"
Chiquetete,"Chiquetete (Antonio José Cortés Pantoja, Algeciras, Spain, 26 July 1948 - 16 December 2018) was a Spanish flamenco singer. 
  <a href=""https://www.last.fm/music/Chiquetete"">Read more on Last.fm</a>",21594,137773,"['Los Chunguitos', 'Los Chichos', 'Manzanita', 'Enrique Morente', 'Camarón de la Isla']"
Josep Salvador," <a href=""https://www.last.fm/music/Josep+Salvador"">Read more on Last.fm</a>",22,32,[]
Maka," <a href=""https://www.last.fm/music/maka"">Read more on Last.fm</a>",22697,415779,"['Daviles de Novelda', 'El Bobe', 'Cyril Kamer', 'Josele Junior', 'El Jhota']"
Mario Domm,"Mario Alberto Domínguez Zarzar, mejor conocido como Mario Domm es un cantautor mexicano.

A los 17 años inicio sus estudios en la Escuela Nacional de Música, donde aprendió canto, solfeo, piano, armonia y contrapunto.

Actualmente es vocalista del grupo juvenil Camila.


 <a href=""https://www.last.fm/music/Mario+Domm"">Read more on Last.fm</a>",6111,38615,"['D3ndron', 'Diabolo', 'Ragazzi', 'Timothy Brownie', 'Pulpo']"
Paco Candela," <a href=""https://www.last.fm/music/Paco+Candela"">Read more on Last.fm</a>",2361,28606,"['Manuel Orta', 'Jose Manuel ""El Mani""', 'Inma Vílchez', 'Ecos del Rocío', 'manguara']"
Kiko y Shara," <a href=""https://www.last.fm/music/+noredirect/Kiko+y+Shara"">Read more on Last.fm</a>",2458,24848,[]
Jeros," <a href=""https://www.last.fm/music/Jeros"">Read more on Last.fm</a>",2125,15294,"['Los Moles', 'José El Ciego', 'Los Calis (F)', 'Parrita', 'Junco']"
Fondo Flamenco,"Fonco Flamenco is a group from Sevilla, Spain composed by Astola, Antonio and Rafael. The group started with Astola and Rafael at their early age of 13. Antonio came later on. Astola writes and composes the songs for the group. He is also the one credited for the idea of naming the group Fondo Flamenco. The name came as result of a comment that he made to Rafael while they were taking pictures of themselves in a tipical sevillian courtyard and he told Rafael ""Let's take a picture of us with this flamenco backgroung (fondo flamenco)"". <a href=""https://www.last.fm/music/Fondo+Flamenco"">Read more on Last.fm</a>",53401,624608,"['El Barrio', 'Andy & Lucas', 'Estopa', 'Niña Pastori', 'Melendi']"
Maldita Nerea,"Maldita Nerea lo forman Jorge Ruiz Flores a la voz y la guitarra, Carlos Molina al bajo, Luis Gomez a la guitarra y Sergio Bernal a la bateria. Con una media de edad de 25 años, este cuarteto de Murcia lleva bastantes años preparandose para el lanzamiento definitivo de su carrera. Todos han pasado por diferentes formaciones y proyectos hasta coincidir en Maldita Nerea. Todo ha sido cuestion de perseverancia, ganas de superarse y fe en sí mismos. <a href=""https://www.last.fm/music/Maldita+Nerea"">Read more on Last.fm</a>",98277,2031400,"['Nil Moliner', 'El Canto del Loco', 'Despistaos', 'Pereza', 'Melendi']"
Raimundo Amador,"Raimundo Amador Fernández es un cantante, guitarrista y compositor español originario del barrio de las 3000 viviendas de Sevilla. Comenzó tocando junto a Kiko Veneno y a su hermano en el grupo Veneno.
En 1995 debuta en solitario con su disco Gerundina, cuyo nombre hace referencia al nombre de su guitarra.

Su música bebe del blues, e incluso ha colaborado con B.B. King, gran maestro blusero.

El mayor exponente del blues en España. Un estilo y un sentimiento propio.

 <a href=""https://www.last.fm/music/Raimundo+Amador"">Read more on Last.fm</a>",33138,200364,"['Mártires Del Compás', 'G5', 'Calima', 'José Mercé', 'Las Niñas']"
Antonio Orozco,"Antonio Orozco is a Spanish singer-songwriter from Barcelona, Spain.
He has won several prizes like the Premio Onda and sold lots of records, his first album sold more than 100,000 copies, whereas his second album titled Semilla del Silencio sold over 300,000 copies.
In 2005 he released a self titled album Antonio Orozco, which was a compilation of his best songs (twelve in total) that eventually propelled him into stardom outside Spain, mainly in Latin America and other parts of the world. <a href=""https://www.last.fm/music/Antonio+Orozco"">Read more on Last.fm</a>",110520,1252088,"['Manuel Carrasco', 'Conchita', 'Melendi', 'Dani Martín', 'Antonio José']"
Los Calis," <a href=""https://www.last.fm/music/Los+Calis"">Read more on Last.fm</a>",2074,12938,"['Rumba Tres', 'Bordón 4', 'Los Amaya', 'El Zingaro', 'Los Manolos']"
Alba Molina," <a href=""https://www.last.fm/music/Alba+Molina"">Read more on Last.fm</a>",8852,54004,"['Navajita Plateá', 'Miguel Poveda', 'Paco Ortega', 'Mayte Martín', 'Ray Heredia']"
Celso Piña,"Celso Piña (Monterrey, Nuevo León, México, 6 April 1953 - August 21, 2019) was a Mexican singer, composer, arranger, and accordionist, mainly in the genre of Cumbia, being one of the most important musicians in the style of ""Cumbia rebajada"".  

Piña was a pioneer in the mixture and fusion of tropical sounds with many of his works having elements of cumbia, regional mexicano, cumbia sonidera, ska, reggae, rap/hip-hop, R&B, etc. Piña is also known as El Rebelde del acordeón or the Cacique de la Campana. <a href=""https://www.last.fm/music/+noredirect/Celso+Pi%C3%B1a"">Read more on Last.fm</a>",82340,720497,"['Grupo Kual', 'Alberto Pedraza', 'El Gran Silencio', 'Grupo Cañaveral De Humberto Pabón', 'Super Grupo Colombia']"
Lila Downs,"Lila Downs (born Ana Lila Downs Sánchez on 9 September 1969 in Tlaxiaco) is a Mexican singer and actress. She performs her own compositions and the works of others in multiple genres, as well as tapping into Mexican traditional and popular music.

Downs grew up there and in Minneapolis, Minnesota. She began singing ranchera music at an early age, and later sang at the fiestas of the towns in her mountain region, la Mixteca. She sang with the band Los Cadetes de Yodoyuxi and later with La Trova Serrana <a href=""https://www.last.fm/music/Lila+Downs"">Read more on Last.fm</a>",206773,2844232,"['Chavela Vargas', 'Natalia Lafourcade', 'La Santa Cecilia', 'Ely Guerra', 'Mercedes Sosa']"
Manuel Álvarez Fernández," <a href=""https://www.last.fm/music/Manuel+%C3%81lvarez+Fern%C3%A1ndez"">Read more on Last.fm</a>",0,0,[]
Demarco Flamenco," <a href=""https://www.last.fm/music/Demarco+Flamenco"">Read more on Last.fm</a>",17450,119821,"['Daviles de Novelda', 'Sarayma', 'Luis Cortés', 'Indara', 'Lorena Santos']"
Gizmo Varillas,"Born in Santander, Gizmo grew up in Bilbao and arrived in London by way of Cardiff, studying as an aspiring documentary maker. A lost summer busking for food and accommodation across southern France however lead him down a different path; one year later, Gizmo began receiving seals of approval from seasoned artists like La Yegros and Gavin James, who he went on to support on tours across the UK and Europe. Another support act for Jack Savoretti’s recent sold out show at Somerset House <a href=""https://www.last.fm/music/Gizmo+Varillas"">Read more on Last.fm</a>",176030,1566668,"['Wake Owl', 'She Keeps Bees', 'Upstate', 'Revolver', 'Champs']"
Estrella Morente,"Estrella Morente is a Spanish flamenco singer.  Her father, Enrique Morente, is one of the greatest innovators of the 'cante', and they have collaborated on many projects. Her mother, Aurora, a dancer known as La Pelota, stems from a vast Madrid flamenco dynasty, together with her uncle Antonio Carbonell and her grandfather the guitarist Montoyita to whom she dedicated her 2001 album Mi cante y un poema.

Morente has given solo recitals in all the major Spanish cities <a href=""https://www.last.fm/music/Estrella+Morente"">Read more on Last.fm</a>",119326,954378,"['Camarón de la Isla', 'Lole Y Manuel', 'Vicente Amigo', 'Enrique Morente', 'Niña Pastori']"
Buika,"Buika (b.1972) is a Spanish singer. Her music mixes flamenco with soul, jazz ,and funk.

Born Concha Buika in Palma de Mallorca, Spain, her family came from Equatorial Guinea; she grew up among gypsy people. Ever since she was a child her musical talent was evident, but it was after a visit to London to study drama when, after being invited to a Pat Metheny concert that her life changed. From that moment she began her musical career. During the 1990s she took part in different productions <a href=""https://www.last.fm/music/Buika"">Read more on Last.fm</a>",106263,1386163,"['Diego El Cigala', 'Sílvia Pérez Cruz', 'Niña Pastori', 'Yasmin Levy', 'Rosario']"
Navajita Platea," <a href=""https://www.last.fm/music/+noredirect/Navajita+Platea"">Read more on Last.fm</a>",14627,66554,[]
Müme," <a href=""https://www.last.fm/music/M%C3%9CME"">Read more on Last.fm</a>",22,45,[]
El Biri," <a href=""https://www.last.fm/music/El+biri"">Read more on Last.fm</a>",501,2786,"['aldeskuido', 'El Suso', 'Sonsonete', 'Cherezade', 'Bernardo Vazquez']"
Prince Royce,"Geoffrey Royce Rojas was born and raised in the Bronx, New York. His parents are both from the land of bachata, The Dominican Republic. His parents got divorced, so it was just him, his mom, and siblings. Geoffrey loved singing, so one day he asked permission to remake the song ""Stand By Me"". After that song the record company signed him, and he makes many songs. His two popular songs are ""Stand By Me"" and ""Corazon Sin Cara"". He has won two Latin Grammy Awards! <a href=""https://www.last.fm/music/Prince+Royce"">Read more on Last.fm</a>",603411,10535445,"['Romeo Santos', 'Aventura', 'Xtreme', 'Monchy & Alexandra', 'Toby Love']"
Mario Diaz," <a href=""https://www.last.fm/music/Mario+Diaz"">Read more on Last.fm</a>",6034,42970,"['El Puchero del Hortelano', 'La Selva Sur', ""D'Callaos"", 'Los Barrankillos', 'Antílopez']"
Kayma,"Kayma is an Israeli  musician based in Tel Aviv. <a href=""https://www.last.fm/music/Kayma"">Read more on Last.fm</a>",2182,16640,"['יושי', 'Tamir', 'Tomer Yeshayahu', 'מארינה מקסימיליאן', 'Sombra y Luz']"
Juanes,"Juan Esteban Aristizábal Vásquez (born August 9, 1972), best known as Juanes, is a rock musician from Medellín, Colombia. When he was younger, his father started calling him Juanes, rather than Juan, a contraction of his two first names Juan and Esteban. As his friends grew to know him by this name, he chose to keep it for his musical career, which started when he, Andrés García, Fernando ""Toby"" Tobón and José David Lopera, formed the rock band Ekhymosis in 1988. <a href=""https://www.last.fm/music/Juanes"">Read more on Last.fm</a>",1026628,16469680,"['Bacilos', 'Carlos Vives', 'Cabas', 'Andrés Cepeda', 'Fonseca']"
Miguel Sáez," <a href=""https://www.last.fm/music/+noredirect/Miguel+S%C3%A1ez"">Read more on Last.fm</a>",3463,16987,"['EME BE', 'Mr. Chris', 'romantico latino', 'Henry Mendez', 'Dkuba']"
India Martinez,"Born in Córdoba, she started studying flamenco while she was just 5 under the guidance of teacher Nieves Camacho. The family moved to Roquetas de Mar (Almería) when she was 11 years old. She sang on the local fishing port area, becoming popular as ""La Niña del Puerto"". In 1998, at age 13, she took part in the children talent show Veo, Veo hosted by Teresa Rabal, reaching the Andalusian finals. She was offered a scholarship by the Fundación Cristina Heeren to learn flamenco in Seville. <a href=""https://www.last.fm/music/India+Martinez"">Read more on Last.fm</a>",48046,560332,"['Manuel Carrasco', 'Antonio Orozco', 'El Arrebato', 'Vanesa Martín', 'Ana Mena']"
Pitingo,"Antonio Manuel Álvarez Vélez (Ayamonte, Huelva, 1981) conocido artísticamente como Pitingo es un cantaor de flamenco español y soul latino

Nieto de ‘La Pitinga’, hijo de un marinero pesquero, como su abuelo –luego dejó su padre el barco y se fue a la Guardia Civil- y de madre gitana. En ese mundo y en ese ambiente, decidió declinarse por el flamenco y el soul. En la actualidad, novio de María José Fonseca, una salmantina afincada en Valladolid. <a href=""https://www.last.fm/music/Pitingo"">Read more on Last.fm</a>",30879,216617,"['Antonio Carmona', 'José Mercé', 'Falete', 'Miguel Poveda', 'Las Niñas']"
La Húngara," <a href=""https://www.last.fm/music/+noredirect/La+H%C3%BAngara"">Read more on Last.fm</a>",18180,149962,"['Los Rebujitos', 'Decai', 'Kiko & Shara', 'El maki', 'Tijeritas']"
Raya Real," <a href=""https://www.last.fm/music/Raya+Real"">Read more on Last.fm</a>",25970,253423,"['Requiebros', 'Albahaca', 'Maria Del Monte', 'Los Marismeños', 'Los Romeros De La Puebla']"
Marina Heredia,"Marina Heredia is one of the young promises of flamenco. She belongs to the new generation of artists that look at themselves with the old cantaores as a reference, who return to traditionalism. However, at the same time she is a multi-faceted artist who is as happy to perform in Espárrago Rock (a music festival that welcomes all sorts of musical styles, and is held yearly in Granada since 1993), in which she took part in 1998, as she is intervening in an opera (Amore, by Mauricio Sotelo). <a href=""https://www.last.fm/music/Marina+Heredia"">Read more on Last.fm</a>",12443,58272,"['Antonio Mairena', 'Chano Lobato', 'Carmen Linares', 'Duquende', 'Diego Amador']"
Melendi,"His full name is Ramón Melendi Espina. Spanish pop singer with rock, flamenco, and rumba influences. Was born on January 21, 1979 in Oviedo, Asturias. 

He realized very quickly that he wasn't made for studying, but he was good at soccer. He played in the lower ranks of Astur CF, at the time a reserve team for Real Oviedo. Afterwards, he worked as a waiter in several bars and spent all night out, living experiences that would later go on to make up the lyrics of his songs. <a href=""https://www.last.fm/music/Melendi"">Read more on Last.fm</a>",273750,6185462,"['Estopa', 'El Canto del Loco', 'Pereza', 'Antonio Orozco', 'Pignoise']"
Arancha Santiago," <a href=""https://www.last.fm/music/Arancha+Santiago"">Read more on Last.fm</a>",558,3463,"['AleZ', 'Denna', 'Violeta Hódar', 'Suc I Sopes', 'Bea Fernández']"
Antonio José,"There are more than one artist with the name Antonio José:
1) Antonio José - Spanish singer.
2) Antonio José - Spanish composer and folklorist.

1. Antonio José Sánchez Mazuecos is a Spanish singer who represented Spain at Junior Eurovision Song Contest 2005, at the age of 11, with the song Te Traigo Flores and placed 2nd.

The song then became the title of his debut album ""Te Traigo Flores"", which merged flamenco with Latin rhythms.

In the summer of 2007 <a href=""https://www.last.fm/music/+noredirect/Antonio+Jos%C3%A9"">Read more on Last.fm</a>",36866,444459,"['Pablo López', 'Manuel Carrasco', 'Antonio Orozco', 'Pablo Alborán', 'David Bisbal']"
María Artés," <a href=""https://www.last.fm/music/Mar%C3%ADa+Art%C3%A9s"">Read more on Last.fm</a>",2214,16652,"['Manuel González (Ex Rebujito)', 'Sarayma', 'León Bravo', 'Indara', 'Raul Camacho']"
José de Rico," <a href=""https://www.last.fm/music/Jos%C3%A9+de+Rico"">Read more on Last.fm</a>",24571,141708,"['Henry Mendez', 'Cherito', 'Chyno Miranda', 'Felipe Santos', 'Comando Tiburon']"
La Flaka," <a href=""https://www.last.fm/music/La+Flaka"">Read more on Last.fm</a>",569,2060,"['Shakira Martínez', 'RaulE', 'Lorena Santos', 'Indara', 'Antoñito Molina']"
Omar Montes,"Omar Ismael Montes Moreno es un cantante y personaje mediático español que se dio a conocer por sus apariciones en reality shows como Mujeres y hombres y viceversa, Gran Hermano VIP y Supervivientes, así como por su relación con Isa Pantoja, hija de Isabel Pantoja.​ <a href=""https://www.last.fm/music/Omar+Montes"">Read more on Last.fm</a>",98835,1603893,"['Rvfv', 'Juan Magán', 'Soge Culebra', 'Quevedo', 'Myke Towers']"
Pasión Vega,"Pasión Vega lanzó su primer álbum en 2002. Después alcanzó el Disco de Oro con el disco Banderas de nadie (2003) y repitió Oro con Flaca de amor (2005) antes de publicar su CD+DVD en directo Pasión en el Maestranza (2005), grabado durante un concierto en Sevilla. Su cuarto álbum es La reina del Pay Pay (2006), con el que consiguió su tercer Disco de Oro en España, antes de editar el recopilatorio Pura Pasión (2007). Con estos álbumes, Pasión Vega ha ganado cuatro Premios de la Música y un Premio Amigo, entre otros galardones. <a href=""https://www.last.fm/music/+noredirect/Pasi%C3%B3n+Vega"">Read more on Last.fm</a>",24760,175487,"['Carlos Cano', 'Diana Navarro', 'Rocio Jurado', 'Falete', 'Concha Piquer']"
Los Rebujitos,"THIS TEXT IS FROM WIKIPEDIA:
Manuel y Yerai forman el grupo ""Los Rebujitos"". Nacidos en Tarifa (Cádiz), sacan su primer disco en el año 2004 bajo el título ""Lo Que Me Gusta De Ti"". Un álbum con el cual logran hacerse un hueco en el mundo de la música, vendiendo mas de 40.000 mil copias y realizando más de 70 conciertos por toda la geografía española. Después de ese éxito deciden editar una Edición Especial, con temas extras y un DVD con algunos temas en concierto y videoclips. <a href=""https://www.last.fm/music/Los+Rebujitos"">Read more on Last.fm</a>",24326,305137,"['Decai', 'La Húngara', 'Sergio Contreras', 'Nolasco', 'Kiko & Shara']"
Currichi," <a href=""https://www.last.fm/music/Currichi"">Read more on Last.fm</a>",1087,4006,"['LOS BANIS', 'Nouna', 'Sonsonete', 'Parrita', 'LOS YAKIS']"
Marisol Bizcocho," <a href=""https://www.last.fm/music/Marisol+Bizcocho"">Read more on Last.fm</a>",219,3345,"['Demarco Flamenco', 'juanlu montoya', 'León Bravo', 'Paco Candela', 'Galvan Real']"
Estopa,"Estopa is a pop/flamenco duo founded in 1999 by brothers José and David Muñoz of Cornellà de Llobregat (Baix Llobregat), Catalonia. Their first album, Estopa, has sold well over 1,000,000 copies to date (the equivalent of an American platinum album) and their latest, Voces de Ultrarumba, sold more than 200,000 copies on its first day of release. Their playful, Rumba-tinged compositions have made them one of the most successful pop groups in Spanish history, in terms of both album sales and critical acclaim. <a href=""https://www.last.fm/music/Estopa"">Read more on Last.fm</a>",280728,7182986,"['Melendi', 'El Canto del Loco', 'Pereza', 'Extremoduro', 'Amaral']"
Camela,"Camela es un grupo musical español, creadores y precursores del estilo bautizado en los años 90 como tecno-rumba4 5 6 Sus componentes son Dionisio Martín Lobato (vocalista-compositor), Maria de los Ángeles Muñoz Dueñas (vocalista-compositor) y Miguel Ángel Cabrera Jiménez (teclados-compositor), todos originarios del barrio madrileño de San Cristóbal de los Ángeles.

Sin caza talentos ni sellos discográficos que les ofrecieran un contrato, contando sólo con sus ahorros 200. <a href=""https://www.last.fm/music/Camela"">Read more on Last.fm</a>",44509,483341,"['Estopa', 'La Guardia', 'Sergio Dalma', 'El Canto del Loco', 'Andy & Lucas']"
Juanlu Montoya," <a href=""https://www.last.fm/music/juanlu+montoya"">Read more on Last.fm</a>",3585,24617,"['Antoñito Molina', 'RaulE', 'Sarayma', 'Shakira Martínez', 'Indara']"
Soledad Gimenez,"Soledad Giménez (Paris, France 02/27/1963)Singer, author and interpreter of Spanish origin. Known as ""Sole Gimenez"" is one of the most recognized and critically acclaimed female voices in Spain. She has mainly developed her professional career as the lead singer and composer of the successful band Presuntos Implicados, she stayed with the band for twenty three years until 2006, when she decided to venture in her solo career. Sole Gimenez has recorded three solo albums since 2006; Ojala (2006) <a href=""https://www.last.fm/music/Soledad+Gimenez"">Read more on Last.fm</a>",837,2678,"['Lua Ríos', 'Carmen París', 'Olga Román', 'Pasión Vega', 'Natasha Duenas']"
Lya," <a href=""https://www.last.fm/music/Lya"">Read more on Last.fm</a>",3961,39795,"['Belén Moreno', 'Hugo Salazar', 'Salvador Beltran', 'Natalia Y Maka', 'Maria Carrasco']"
DELLAFUENTE,"Artista, que no rapero, under-underground granaíno.

Dellafuente empezó distribuyendo su música en YouTube, en donde ganó fama y tracción desde 2012. Más tarde sus colaboraciones con otros artistas de la escena del trap como Yung Beef y C. Tangana lo catapultaron al éxito nacional, aunque él siempre ha sido muy propio, lo cual se puede ver en su música, difícil de catalogar en un único género.

A donde va llena las salas, y no es de extrañar <a href=""https://www.last.fm/music/Dellafuente"">Read more on Last.fm</a>",103316,4179383,"['Cruz Cafuné', 'C. Tangana', 'DeLaOssa', 'Bon Calso', 'Abhir']"
Ana Belén,"Ana Belén (born Maria del Pilar Cuesta on May 27, 1951 in Madrid, Spain) is one of the most relevant Spanish personalities in arts and music. With a musical career that spanned over the last 40 years she has also accomplished a great success as an actress, in feature films, television and theatre.

She sang in public for the first time in a radio contest at the age of ten. She didn't win that year, but won the next year. Her early singing caught <a href=""https://www.last.fm/music/+noredirect/Ana+Bel%C3%A9n"">Read more on Last.fm</a>",91097,749909,"['Joan Manuel Serrat', 'Pedro Guerra', 'Miguel Ríos', 'Los Secretos', 'Joaquín Sabina']"
Rachid Taha,"Rachid Taha (Arabic: رشيد طه, Sig, Algeria, 18 September 1958 – 12 September 2018) was an Algerian musician based in France. His music is influenced by many different styles such as rock, techno, and raï.

Taha was born in 1958 in Sig (Mascara Province), Algeria, although a second source suggests he was born in the Algerian seacoast city of Oran. Oran was the ""birthplace of raï"" music, and 1958 was a key year in the Algerian struggle for independence against French authority. <a href=""https://www.last.fm/music/Rachid+Taha"">Read more on Last.fm</a>",168822,1573023,"['Khaled', 'Cheb Mami', 'Faudel', 'Souad Massi', 'Idir']"
Ketama,"Ketama are a Spanish flamenco group in the ""New Flamenco"" style. Formed in Madrid in the early 1980s by José Soto Sorderita (Jerez de la Frontera, 1961), Ray Heredia and Juan Carmona Amaya El Camborio (Granada, 1960). Later the two cousins left the group, which was then joined by José Miguel Carmona Niño (Madrid, 1971) and Antonio Carmona Amaya (Granada, 1965), cousin and brother respectively of Juan.

They released many popular albums that have crossed over to gain mainstream success outside the flamenco area. <a href=""https://www.last.fm/music/Ketama"">Read more on Last.fm</a>",76760,474270,"['Niña Pastori', 'Camarón de la Isla', 'Chambao', 'Kiko Veneno', 'Vicente Amigo']"
Potito,"Antonio Vargas Carrión, ""El Guara"" (Sevilla,1​ 1972 ) es un charolista español gitano de Alcalá y aficionado al baile flamenco,

Desde muy niño, actuaba cantando flamenco y bailando en los barcos de turistas, en el río Guadalquivir. Aun adolescente, colaboró con artistas como Paco de Lucía (""Zyrjab""),​ y en 1996 ya había publicado dos discos con las colaboraciones de Vicente Amigo y otros. Después, aparte de realizar un gran número de actuaciones a nivel internacional <a href=""https://www.last.fm/music/Potito"">Read more on Last.fm</a>",7794,38063,"['Montse Cortés', 'Diego Carrasco', 'El Potito', 'Remedios Amaya', 'Chano Lobato']"
Maloko Soto," <a href=""https://www.last.fm/music/Maloko+Soto"">Read more on Last.fm</a>",195,449,"['Manuel Cortés', 'Nouna', 'Luis de Perikin', 'Josue Rarujo', 'Vicente de Montpelier']"
Juan Cortés,"Juan Cortés (1978) is a Spanish flamenco pianist. 
He released one album, Jurepen, by june 2003. <a href=""https://www.last.fm/music/+noredirect/Juan+Cort%C3%A9s"">Read more on Last.fm</a>",511,3497,"['Guillermo McGill', 'Henry Vincent', 'Carlos Piñana', 'Chano Domínguez', 'Jorge Pardo']"
Kiki Morente," <a href=""https://www.last.fm/music/Kiki+Morente"">Read more on Last.fm</a>",4481,28839,"['Israel Fernández', 'RaulE', 'El Pele', 'Rocío Márquez', 'Vicente Soto Sordera']"
Daviles de Novelda," <a href=""https://www.last.fm/music/Daviles+de+Novelda"">Read more on Last.fm</a>",19541,187034,"['Luis Cortés', 'Demarco Flamenco', 'Lorena Santos', 'maka', 'Sinsinati']"
Junco,"There are two musical artists on Last.fm using the name Junco.

Flamenco artist from Cadiz

Junco is an electronic music duo from Chicago Illinois. Long time friends, they united to create music in 2003 and released their first EP, Saving What We Have, in early 2007. Their work is influenced by Boards of Canada, DJ Shadow, and others. <a href=""https://www.last.fm/music/Junco"">Read more on Last.fm</a>",10885,83896,"['Tijeritas', 'Canelita', 'José El Francés', 'La Húngara', 'Parrita']"
Bebe,"Bebe is the name used by at least 8 artists:

[1] María Nieves Rebolledo Vila (b. 9 May 1978 in Extremadura, Spain), a singer and actress whose parents were members of the folk group Surberina. Her Spanish breakthrough came with her album Pafuera Telarañas.  She won the Best New Artist award, at the 2005 Latin Grammy Awards, and was nominated for five awards in total.
Y.  is the second studio album released by Spanish singer-songwriter Bebe. Released on June 29 <a href=""https://www.last.fm/music/Bebe"">Read more on Last.fm</a>",308987,4606443,"['Jarabe de Palo', 'Amaral', 'La Oreja de Van Gogh', 'Rosana', 'Najwa']"
Manuel Cortés," <a href=""https://www.last.fm/music/Manuel+Cort%C3%A9s"">Read more on Last.fm</a>",1236,6170,"['Fran y Nico', 'Angeliyo El Blanco', 'José Rey', 'Big Lois', 'El PoPo']"
Elena Vargas," <a href=""https://www.last.fm/music/Elena+Vargas"">Read more on Last.fm</a>",3575,8621,"['Daviles de Novelda', 'Joana Santos', 'Shakira Martínez', 'céro', 'maka']"
Miguel Ríos,"Ríos was born in La Cartuja, a neighborhood of Granada. The youngest of seven children, he went to work in a local bar at the age of fifteen after little formal education. His interest in rock and roll led him to participate in a song contest at Cenicienta 60 radio station, in which he and his friends won a prize for singing the Paul Anka song ""You Are My Destiny"".

With his mother's permission (his father died a few months earlier), he moved to Madrid in 1961 at the age of sixteen, where he recorded his first four songs. <a href=""https://www.last.fm/music/+noredirect/Miguel+R%C3%ADos"">Read more on Last.fm</a>",33717,241159,"['Leño', 'Loquillo', 'Joaquín Sabina', 'Burning', 'Radio Futura']"
Canelita,"Canelita (born Jonathan Vera in 1990) is a Spanish flamenco singer. He hails from the barrio of Bajadilla, in Algeciras, southeastern Spain. He was discovered by another native of Algeciras, Paco de Lucia, when he was a boy and began recording as a teenager, with early releases such as Vivo Errante (2004) and Canelita por mi calle (2005). His album, Vuelvo, released in November 2010, alternates traditional flamenco singing ballads and pop tunes, seeking to reach a mass audience. <a href=""https://www.last.fm/music/Canelita"">Read more on Last.fm</a>",17434,183393,"['EL PELOS', 'Potito', 'La Húngara', 'Parrita', 'Nolasco']"
Raule," <a href=""https://www.last.fm/music/RaulE"">Read more on Last.fm</a>",3050,47678,"['Antoñito Molina', 'juanlu montoya', 'Luis Cortés', 'Indara', 'Sarayma']"
Lin Cortés,"Cordobés. <a href=""https://www.last.fm/music/+noredirect/Lin+Cort%C3%A9s"">Read more on Last.fm</a>",5519,38066,"['Nani Cortés', 'Kiki Morente', 'RaulE', 'Israel Fernández', 'Luis de Perikin']"
Sarayma," <a href=""https://www.last.fm/music/Sarayma"">Read more on Last.fm</a>",2947,18702,"['Indara', 'Demarco Flamenco', 'Lorena Santos', 'Fran Ocaña', 'Antoñito Molina']"
Belén Peña," <a href=""https://www.last.fm/music/Bel%C3%A9n+Pe%C3%B1a"">Read more on Last.fm</a>",10,103,"['Keen Levy', 'Lorena Santos', 'El Suso', 'Nyno Vargas', 'DaniMflow']"
Makarines," <a href=""https://www.last.fm/music/Makarines"">Read more on Last.fm</a>",898,10385,"['Diego Magallanes', 'Ginera Ortega', 'Alicia Gil', 'Miguel Poveda con Diego Carrasco', 'Potito con Estrella Morente']"
Víctor Manuel,"Víctor Manuel San José Sánchez is a famous Spanish singer-songwriter. He has been married to the famous Spanish singer and actress Ana Belén since 1972. He and his wife are considered symbols of the Spanish Transition, and his songs and albums often feature boldly-titled works with social and political content. <a href=""https://www.last.fm/music/+noredirect/V%C3%ADctor+Manuel"">Read more on Last.fm</a>",51957,393580,"['Javier Krahe', 'Alberto Pérez', 'Serrat & Sabina', 'Patxi Andión', 'Carlos Cano']"
Mushogitano," <a href=""https://www.last.fm/music/Mushogitano"">Read more on Last.fm</a>",489,1687,"['FLOR DE SAN JUAN', 'Lya', 'El Suso', 'Yona Luna', 'Sarayma']"
Le Parody,"Indie Duo formed in Madrid, Spain
http://leparody.bandcamp.com/ <a href=""https://www.last.fm/music/Le+Parody"">Read more on Last.fm</a>",51110,256858,"['baiuca', 'Gizmo Varillas', 'Zahara', 'Maestro Espada', 'Verde Prato']"
Jose Maria Ruiz," <a href=""https://www.last.fm/music/Jose+Maria+Ruiz"">Read more on Last.fm</a>",935,5653,"['Critika y Saik', 'Wapea', 'Gemeliers', 'Marta Soto', 'Demarco Flamenco']"
Antoñito Molina," <a href=""https://www.last.fm/music/Anto%C3%B1ito+Molina"">Read more on Last.fm</a>",4163,48064,"['juanlu montoya', 'RaulE', 'Luis Cortés', 'Shakira Martínez', 'Indara']"
María Artés Lamorena," <a href=""https://www.last.fm/music/Mar%C3%ADa+Art%C3%A9s+Lamorena"">Read more on Last.fm</a>",802,6698,"['El Tren De Los Sueños', 'Belén Moreno', 'David Barrull', 'Salvador Beltran', 'Barrio Sur']"
Juan Luis Guerra 4.40,"Juan Luis Guerra (born June 7, 1957) is a Dominican singer, songwriter, and self-producer who has sold over 30 million records, and won numerous awards including 15 Latin Grammy Awards, two Grammy Awards, and two Latin Billboard Music Awards. He recently won 3 Latin Grammy Awards in 2010, including Album of the Year.

He is one of the most internationally recognized latin artists in decades past. His pop style of merengue and bolero and Afro-pop/Latin fusion have garnered him considerable success outside the Dominican Republic. <a href=""https://www.last.fm/music/Juan+Luis+Guerra+4.40"">Read more on Last.fm</a>",198527,4267416,"['Juan Luis Guerra', 'Wilfrido Vargas', 'Chichi Peralta', 'Eddy Herrera', 'Proyecto Uno']"
Joana Jiménez," <a href=""https://www.last.fm/music/Joana+Jim%C3%A9nez"">Read more on Last.fm</a>",1365,5841,"['Marta Quintero', 'Belén Moreno', 'Miguel Poveda', 'El Tren De Los Sueños', 'Maria Carrasco']"
Juanito Makandé,"Juanito Makandé: artista flamenco underground
Cantante, percusionista, compositor y productor <a href=""https://www.last.fm/music/+noredirect/Juanito+Makand%C3%A9"">Read more on Last.fm</a>",15003,208545,"['El Canijo de Jerez', 'Antílopez', 'Miguel Campello', 'Nolasco', 'Tomasito']"
Sombra y Luz," <a href=""https://www.last.fm/music/Sombra+y+Luz"">Read more on Last.fm</a>",735,4307,"['Los Moles', 'Los Calis', 'Tijeritas', 'Saray Vargas & Tijeritas', 'Jeros']"
Matias Damásio,"Matias Damásio (Benguela, May 9, 1982) is an Angolan musician who creates and performs popular and romantic music.

Having grown up in Benguela, Matias Damásio leaves for Luanda looking for better living conditions. He started his career in 2000, singing at religious festivals, participating for the first time in a television contest, Estrelas no Palco. In this contest, he was among the twelve finalists. Later he participated together with the band Maravilha and João Alexandre in the Domingão Coca-Cola contest, getting second place. <a href=""https://www.last.fm/music/+noredirect/Matias+Dam%C3%A1sio"">Read more on Last.fm</a>",11291,120365,"['C4 Pedro', 'Badoxa', 'Soraia Ramos', 'Djodje', 'Landrick']"
Vicentico,"Gabriel Julio Fernández Capello ""Vicentico"" (24 of July of 1964, Buenos Aires,  Argentina) , is a musician and composer. Co-founder and vocals of the ""Fabulosos Cadillacs"" with Flavio Cianciarullo. He stayed with this band from 1984 to 2001 until he left the band to become a Soloist.

On his first album, Vicentico displays rythms from his past with the 'Cadillacs', Bossa Nova to gypsy and ballads. With strong drums in all his tracks, his voice and identity are hard to mistake. With 12 tracks, 11 of which are by him. <a href=""https://www.last.fm/music/Vicentico"">Read more on Last.fm</a>",195302,2504824,"['Los Auténticos Decadentes', 'Los Fabulosos Cadillacs', 'Andrés Calamaro', 'Los Rodríguez', 'Bersuit Vergarabat']"
Abel Pintos," <a href=""https://www.last.fm/music/Abel+Pintos"">Read more on Last.fm</a>",46830,837409,"['Tan Bionica', 'Ciro y Los Persas', 'Axel', 'Chaqueño Palavecino', 'Soledad']"
Nyno Vargas," <a href=""https://www.last.fm/music/Nyno+Vargas"">Read more on Last.fm</a>",17432,127286,"['Nikone', 'Maffio', 'Cosmik', 'Raoul Vázquez', 'Merche']"
Vanesa Martín,"Vanesa Martín is a spanish singer from Málaga. <a href=""https://www.last.fm/music/+noredirect/Vanesa+Mart%C3%ADn"">Read more on Last.fm</a>",37537,802385,"['Rozalén', 'Manuel Carrasco', 'Malú', 'Antonio Orozco', 'Pastora Soler']"
Los Chunguitos,"Los Chunguitos are a Spanish rumba group from Vallecas, Madrid, formed in 1973.

The group's nucleus was the three brothers Juan, Manuel, and Jose Salazar, whose aunt was the flamenco singer Porrina de Badajoz. Their sisters, Toni and Encarna, sang backup and would later go on to success on their own as Azucar Moreno.

The name ""Los Chunguitos"" comes from the pastime of throwing small stones at trains. They began as street buskers, playing in Madrid. <a href=""https://www.last.fm/music/Los+Chunguitos"">Read more on Last.fm</a>",41127,323588,"['Los Chichos', 'Manzanita', 'Chiquetete', 'Camarón de la Isla', 'El Barrio']"
Farruquito," <a href=""https://www.last.fm/music/farruquito"">Read more on Last.fm</a>",35,58,[]
Nani Cortés," <a href=""https://www.last.fm/music/Nani+Cort%C3%A9s"">Read more on Last.fm</a>",1606,9153,"['Lin Cortés', 'RaulE', 'juanlu montoya', 'Manuel Cortés', 'Nouna']"
Paulo Gonzo,"Paulo Gonzo, (b. 1 November 1956 as Paulo Alberto Ferreira), is a Portuguese singer and songwriter.
He has made various albums throughout his career, including the album Jardins Proibidos. Many of his musical compositions have been used as theme songs for Portuguese soap operas. <a href=""https://www.last.fm/music/Paulo+Gonzo"">Read more on Last.fm</a>",19024,157754,"['André Sardet', 'Pedro Abrunhosa', 'Delfins', 'Per7ume', 'Rio Grande']"
Langui," <a href=""https://www.last.fm/music/+noredirect/Langui"">Read more on Last.fm</a>",1284,5265,[]
Denom," <a href=""https://www.last.fm/music/Denom"">Read more on Last.fm</a>",13943,252963,"['Hard GZ', 'FERNANDOCOSTA', 'Arce', 'Juancho Marqués', 'anier']"
Nolasco," <a href=""https://www.last.fm/music/Nolasco"">Read more on Last.fm</a>",12309,86863,"['Los Rebujitos', 'Siempre Asi', 'juanlu montoya', 'RaulE', 'Sarayma']"
Maita Vende Cá," <a href=""https://www.last.fm/music/+noredirect/Maita+Vende+C%C3%A1"">Read more on Last.fm</a>",1635,9986,"['Maita Vende Ca', 'José El Francés', 'Nolasco', 'Jeros', 'El Sebas de la Calle']"
Peret,"Pere Pubill Calaf, better known as Peret (1935 - 2014) was a Romani Catalan singer, songwriter, and guitarist.

Pubill was born on 26th March 1935 in Mataró, Barcelona, the son of a Gypsy clothes-dealing family.  He composed and sang in both Spanish and Catalan, and became the first star of rumba in the 1960s.  In 1974 he represented Spain in the Eurovision Song Contest.

----

Perel is found here: https://www.last.fm/music/+noredirect/Perel   
  --- <a href=""https://www.last.fm/music/Peret"">Read more on Last.fm</a>",77893,377215,"['Los Chunguitos', 'Los Chichos', 'Kiko Veneno', 'Los Manolos', 'Rumba Tres']"
Paco de Lucía,"Paco de Lucía was a pseudonym of Spanish virtuoso flamenco guitarist  Francisco Sánchez Gómez (b. 21 Dec 1947 in Algeciras, Cádiz, Spain - d. 26 Feb 2014). He was considered a master of rasgueados / picados and was capable of playing with blinding speed on the flamenco guitar.

He was the youngest of five children, the son of flamenco guitarist Antonio Sánchez, and brother of flamenco singer Pepe de Lucía and flamenco guitarist Ramón de Algeciras, he adopted the stage name Paco de Lucía in honor of his Portuguese mother, Lucía Gomes. <a href=""https://www.last.fm/music/+noredirect/Paco+de+Luc%C3%ADa"">Read more on Last.fm</a>",420359,5281178,"['Vicente Amigo', 'Tomatito', 'Camarón de la Isla', 'Sabicas', 'Gipsy Kings']"
Fuel Fandango,"Fuel Fandango is a duo from Spain formed by Ale Acosta and Nita.

Fuel Fandango looks can be deceiving. Ale Acosta, with his harmless guitar and Nita, tiny and fragile at a first glance impression, both are fire on stage. Their music proposal is ambitious, rich, fun. Its purpose is dancing, spark the fun, in order to get that they trust their live acts to a experienced music formation.

Fuel Fandango is electronic organic music, rock, funk and a subtle touch of southern flamenco music. <a href=""https://www.last.fm/music/Fuel+Fandango"">Read more on Last.fm</a>",35263,682294,"['Delaporte', 'Zahara', 'Supersubmarina', 'DePedro', 'Dover']"
Bernardo Parrilla," <a href=""https://www.last.fm/music/Bernardo+Parrilla"">Read more on Last.fm</a>",2,7,[]
Chambao,"Chambao is a flamenco-electronic band originally from Malaga, Andalucia, Spain, known for a 'flamenco chill' sound that fuses flamenco sounds and palos (forms) with electronic music. The name of the band is taken from an improvised form of beach tent that is constructed as a means of sheltering from the wind and sun.

The band started by a trio of musicians from Malaga: María del Mar Rodríguez Carnero (aka La Mari), Eduardo and Dani (who left the band in 2005). <a href=""https://www.last.fm/music/Chambao"">Read more on Last.fm</a>",215390,3627654,"['Macaco', 'Ojos de Brujo', 'Niña Pastori', 'Los Delinqüentes', 'Ketama']"
Pastora Soler,"Pilar Sánchez Luque (born September 27, 1978 in Coria del Río, Seville), better known by her stage name Pastora Soler, is a Spanish singer. She is also a songwriter and her compositions usually mix copla or flamenco with or pop or electronic music. Soler represented Spain in the Eurovision Song Contest 2012 in Baku, Azerbaijan with ""Quédate Conmigo (Stay With Me)"".

A precocious chanteuse, she started singing coplas and flamenco songs at several events when she was a child. <a href=""https://www.last.fm/music/Pastora+Soler"">Read more on Last.fm</a>",44511,671204,"['Malú', 'Edurne', 'Ruth Lorenzo', 'Vanesa Martín', 'Chenoa']"
Siempre Asi,"UNA DECADA DE ""BUEN ROLLITO""

Los orígenes de 'Siempre así' son diametralmente opuestos a los de una banda de laboratorio, y es que el grupo sevillano nació de forma natural al mismo tiempo que sus componentes, amigos desde la adolescencia, crecían y se divertían. 
Su primer encuentro fue en el Coro de la Hermandad del Rocío de Triana, donde también descubrieron el gusto por el cante. A partir de entonces diversos actos sociales y familiares les sirvieron para combinar su arte con los primeros ingresos económicos. <a href=""https://www.last.fm/music/Siempre+Asi"">Read more on Last.fm</a>",26614,243365,"['Nolasco', 'Decai', 'Navajita Plateá', 'Falete', 'José El Francés']"
Aldeskuido," <a href=""https://www.last.fm/music/aldeskuido"">Read more on Last.fm</a>",2017,14917,"['Sonsonete', 'Javi Cantero', 'El biri', 'Ketito', 'Nolasco']"
Xantos," <a href=""https://www.last.fm/music/Xantos"">Read more on Last.fm</a>",31314,196768,"['Chris Jeday', ""L'Omy"", 'KEVIN FLOREZ', 'Mike Bahia', 'Chyno Miranda']"
Alejandro Sanz,"Alejandro Sanz, born Alejandro Sánchez Pizarro on December 18, 1968 in Madrid, is an Award winning, Spanish pop/ballad musician and singer-songwriter who has won a record 17 Latin Grammys, more than any other Spanish musician in history. He has sold more than 25 million albums worldwide.

Alejandro Sanz is the second son of María Pizarro Medina from Alcalá de los Gazules, and Jesús Sánchez Madero from Algeciras, Spain. He began playing guitar at the age of seven and composing his first songs three years later. <a href=""https://www.last.fm/music/Alejandro+Sanz"">Read more on Last.fm</a>",557938,10417775,"['Ricardo Arjona', 'Sin Bandera', 'Alex Ubago', 'Cristian Castro', 'Miguel Bosé']"
Diego Martín,"http://www.diego-martin.es/ <a href=""https://www.last.fm/music/+noredirect/Diego+Mart%C3%ADn"">Read more on Last.fm</a>",16753,137605,"['David DeMaría', 'Efecto Mariposa', 'La Caja De Pandora', 'Belén Arjona', 'Melocos']"
Xavier Batllés," <a href=""https://www.last.fm/music/Xavier+Batll%C3%A9s"">Read more on Last.fm</a>",17,68,[]
Carlos Baute,"Carlos Roberto Baute Jiménez (born March 8, 1974; Caracas, Venezuela), best known as Carlos Baute, is a Venezuelan singer and television host. His music is mostly in the Latin pop genre, with some ballads and Bachata.

He is the son of Alfonso Baute and Clara Jiménez and he is of Spanish (his father is from Tenerife and his maternal great-grandparents are from Galicia), Cuban (his maternal grandmother) and Venezuelan descent. At age 13, he started a band called ""Los Chamos"" and released an album entitled ""Con un poco de Amor"". <a href=""https://www.last.fm/music/Carlos+Baute"">Read more on Last.fm</a>",237249,2027706,"['Fonseca', 'David Bisbal', 'Juanes', 'Carlos Vives', 'Luis Fonsi']"
El Foli," <a href=""https://www.last.fm/music/El+Foli"">Read more on Last.fm</a>",92,439,"['Canelita', 'Parrita', 'Sonsonete', 'LOS BANIS', 'Nouna']"
Juan Carmona Jr.," <a href=""https://www.last.fm/music/Juan+Carmona+Jr."">Read more on Last.fm</a>",14,28,[]
Fran Cortés," <a href=""https://www.last.fm/music/Fran+Cort%C3%A9s"">Read more on Last.fm</a>",896,5002,"['RaulE', 'Luis de Perikin', 'Miguelichi López', 'Salistre', 'Kiki Morente']"
Los Chichos,"Los Chichos is a controversial spanish gypsies band which was formed in Madrid in 1973 by the brothers Julio González, Emilio González and Juan Antonio Jiménez ""Jeros"".

Their first and most succesfully period is 1973-1990, with a total of 15 studio albums, after this, ""Jeros"" lefts the group and is substituted by Junior González. From 1991 to 2002 they have been released 5 albums.

20 million disks have been sold, making it one of the groups that have sold more music in the history of Spanish music. <a href=""https://www.last.fm/music/Los+Chichos"">Read more on Last.fm</a>",50178,523513,"['Los Chunguitos', 'Manzanita', 'Camarón de la Isla', 'Estopa', 'El Arrebato']"
Manolo Garcia,"Wrong tagged. Relink to Manolo García. <a href=""https://www.last.fm/music/+noredirect/Manolo+Garcia"">Read more on Last.fm</a>",15992,240398,[]
Marina,"There are several artists with this name: 

1) Marina Lambrini Diamandis, known mononymously as Marina and previously by the stage name Marina & the Diamonds, is a Welsh singer and songwriter.

Born in Brynmawr to a Welsh mother and Greek father, Diamandis was raised in Abergavenny and moved to London as a teenager to become a professional singer, despite having little formal musical experience. In 2009, she came to prominence upon placing second in the BBC's Sound of 2010. <a href=""https://www.last.fm/music/Marina"">Read more on Last.fm</a>",1788719,131113440,"['Marina & the Diamonds', 'Melanie Martinez', 'Allie X', 'Lady Gaga', 'Tove Lo']"
DaniMflow," <a href=""https://www.last.fm/music/DaniMflow"">Read more on Last.fm</a>",2092,15303,"['Pyllo Cortes', 'El Chapo Junior', 'Vmonster', 'Kalionte', 'Bouza']"
Haze,"There are several artists named Haze:
1. Korean female rapper ""Heize"" (Don't make money) for whatever reason listed under ""Haze""
2. Czech HardCore/experimental band
3. House project by Sandy Rivera
4. Rapper from Sevilla
5. German psychedelic and progressive rock band
6. British progressive rock group
7. English rock band
8. English rapper
9. Hungarian DJ
10. Dutch Hardstyle DJ
11. Croatian Thrash/Black Metal band
12. Dutch rapper
13. Japanese indie rock band <a href=""https://www.last.fm/music/Haze"">Read more on Last.fm</a>",141434,2059389,"['Gringo', 'The Tangent', 'Olexesh', 'Jaill', 'Headhunterz']"
Josemi Carmona,"Born in Madrid in 1971. Guitarist and composer. Son of guitarist and dancer Pepe Habichuela Child Amparo had art in the cradle. Josemi learned to speak and play virtually the same time. With only three years added first grabbed a guitar, with nine touched debut on stage at the Café Silverio, with twelve played in the World Guitar Festival on the island of Martinique, was part alongside his father's show pure Flamenco in America where very important flamenco artists participated as Farruco, Fernanda de Utrera, Güito and Chocolate among others. <a href=""https://www.last.fm/music/Josemi+Carmona"">Read more on Last.fm</a>",8472,40182,"['Diego Del Morao', 'Antonio Rey', 'Juan Habichuela Nieto', 'Carles Benavent', 'Moraíto']"
Malú,"There are at least 4 singers named Malú or Malu.

1.  María 'Malú' Lucía Sánchez (born 15 March, 1982) is a singer from Madrid, Spain. Malú was discovered at the age of 15 when she was singing at a family party. She began the recording of her first album Aprendiz in January 1998. Malú is the niece of the flamenco singer-songwriter Paco de Lucía.

2. Malu is a pop singer from Amsterdam, The Netherlands. There is no accent on the letter 'u', but scrobbles of her songs end up here due to Last. <a href=""https://www.last.fm/music/+noredirect/Mal%C3%BA"">Read more on Last.fm</a>",123140,1976222,"['Pastora Soler', 'Antonio Orozco', 'Vanesa Martín', 'Manuel Carrasco', 'Pablo López']"
Alain Pérez,"Bassist, singer and multi-instrumentalist, Alain Pérez was part of the original Chucho Valdés Quartet that recorded on Blue Note Records. At the age of 28, he is the bassist of the renowned Paco de Lucia sextet and for the flamenco singer Enrique Morente. He is also part of the new Jerry Gonzalez quartet. He also has an extensive career as producer, having done productions for companies such as Sony Music (Celia Cruz’s most recent recordings) and the most recent production of Calle 54 Records. <a href=""https://www.last.fm/music/+noredirect/Alain+P%C3%A9rez"">Read more on Last.fm</a>",4197,35688,"['Alexander Abreu', 'El Noro y Primera Clase', 'Havana D’Primera', ""Alexander Abreu and Havana D' Primera"", 'Maykel Blanco Y Su Salsa Mayor']"
Juan Magán,"Juan Manuel Magán González, también conocido como Magán, es un productor discográfico, remezclador, DJ, compositor, letrista y cantante español, nacionalizado dominicano <a href=""https://www.last.fm/music/+noredirect/Juan+Mag%C3%A1n"">Read more on Last.fm</a>",180853,1889499,"['Omar Montes', 'Wisin', 'Ana Mena', 'Piso 21', 'Don Omar']"
Fran Ocaña," <a href=""https://www.last.fm/music/Fran+Oca%C3%B1a"">Read more on Last.fm</a>",531,2861,"['Sarayma', 'Demarco Flamenco', 'La Cebolla', 'juanlu montoya', 'Los Rebujitos']"
Rosario,"1) Rosario Flores (born November 4, 1963) is a Spanish singer and actress.
She was born in Madrid, Spain as the daughter of Antonio González ('El Pescaílla') and Lola Flores. She is the sister of actress Lolita Flores and singer-songwriter Antonio Flores. She has a daughter with her ex boyfriend Carlos Orellana. Her second son, Pedro Antonio, was born January 21, 2006, the same day as his grandmother Lola Flores. Rosario and Pedro Lazaga, her partner and father of her second son <a href=""https://www.last.fm/music/Rosario"">Read more on Last.fm</a>",123667,1030747,"['Mari Trini', 'Niña Pastori', 'Diego El Cigala', 'Myriam Hernández', 'Manuel Carrasco']"
Silvia Gorreta," <a href=""https://www.last.fm/music/Silvia+Gorreta"">Read more on Last.fm</a>",117,344,"['David Heredia', 'Manuel Berraquero', 'LOS YAKIS', 'Nani Cortés', 'Arrebato']"
Cepeda," <a href=""https://www.last.fm/music/Cepeda"">Read more on Last.fm</a>",14562,431928,"['Mireya Bravo', 'MarMi', 'Aitana Ocaña', 'Álvaro Mayo', 'Daviles de Novelda']"
"Juan Jose Suarez ""Paquete"""," <a href=""https://www.last.fm/music/Juan+Jose+Suarez+%22Paquete%22"">Read more on Last.fm</a>",215,1643,"['Manuel Parrilla', 'Josemi Carmona', 'Diego Del Morao', 'Niño Josele', 'Diego Amador']"
Merche,"Mercedes Trujillo Callealta (born 14 June, 1974) is a pop artist from Cádiz, Spain. Merche got her first guitar at the age of six and became a music teacher after her graduation. At that time she also sang in an orchestra called Bahia Azul and also worked as direction assistant in Astilleros de Cádiz.
In 2001 Merche were in the Spanish pre-selection for Eurovision Song Contest with the song ""No Pidas Mas Amor"" under the name Luna. She finished in 6th place, but signed with Vale Music and start to record her first album Mi Sueño. <a href=""https://www.last.fm/music/Merche"">Read more on Last.fm</a>",66412,758118,"['La Caja De Pandora', 'Efecto Mariposa', 'David Bustamante', 'David Civera', 'Melocos']"
Pablo López," <a href=""https://www.last.fm/music/Pablo+L%C3%B3pez"">Read more on Last.fm</a>",33013,1004785,"['Antonio José', 'Malú', 'Rozalén', 'Miriam Rodríguez', 'Pastora Soler']"
Rasel,"RASEL (born Rafael Abad Anselmo on December 23, 1981 in Sevilla) is a Spanish rap singer signed to Warner Music.

RASEL was born in a musical background family. He first debuted with ""Publicidad Engañosa"" in 2007. Today, his work is full of strong and fresh reggae influence with positive lyrics without changing his identity as a rap artist. He also has a single with his sister, La Dama, and his brother in law, Melendi, ""Mil Razas"". 


 <a href=""https://www.last.fm/music/Rasel"">Read more on Last.fm</a>",26264,155992,"['Sergio Contreras', 'Demarco Flamenco', 'Belén Moreno', 'Luis Cortés', 'Los Rebujitos']"
Manuel Lombo," <a href=""https://www.last.fm/music/Manuel+Lombo"">Read more on Last.fm</a>",1311,12436,"['José Manuel Soto', 'Marta Quintero', 'Siempre Asi', 'Juan Pena', 'Miguel Poveda']"
Maki,"There are many artists with this name:
[br]
[br]
1) Alternative / city pop singer-songwriter Maki shares his music to the world with easy and melodic tunes despite his songs being heartbreaking and painful. His biggest 2023 song “ Saan?” has brought him to different places in the Philippines, and has captured both local and international audiences. Penning  Tanong EP that put him to where he is, another question is posed - where will he go next? <a href=""https://www.last.fm/music/Maki"">Read more on Last.fm</a>",101753,3674037,"['NIO', 'Cup of Joe', 'Bini', 'Rob Deniel', 'Adie']"
Lamari," <a href=""https://www.last.fm/music/Lamari"">Read more on Last.fm</a>",608,1624,"['Marinah', 'Kiki Morente', 'Lucía Espín', 'Perlita de Huelva', 'Alba Molina']"
Sara Baras," <a href=""https://www.last.fm/music/Sara+Baras"">Read more on Last.fm</a>",73,337,"['Miguel Poveda', 'La Susi', 'El Chocolate', 'Pitingo', 'Ginesa Ortega']"
Cherokee,"There are at least 5 artists named Cherokee:

1) Cherokee is/was a French electronic group. Launched in 2011 by Terence and Dorian, the duo heads for a house sound recalling the French electronic productions of the late nineties. The adventure begins when they released independently their first single Onset followed by two other tracks. They entered the family of French label Shiny Disco Club by offering a second single Take Care Of You, which came out with a video clip directed by Achangeinanchor. <a href=""https://www.last.fm/music/Cherokee"">Read more on Last.fm</a>",88578,628099,"['Kartell', 'Les Loups', 'Jean Tonique', 'Louis La Roche', 'Folamour']"
Rubén Blades,"Rubén Blades (born July 16, 1948) is a Panamanian salsa singer, songwriter, actor and politician. As songwriter, Blades brought the lyrical sophistication of South American nueva canción and Cuban nueva trova to salsa, creating thinking persons' dance music. He remains wildly popular in that country and much admired throughout Latin America, and he managed to attract 20% of the vote in his failed attempt to win the Panamanian presidency in 1994. <a href=""https://www.last.fm/music/+noredirect/Rub%C3%A9n+Blades"">Read more on Last.fm</a>",184146,1773592,"['Willie Colón', 'Héctor Lavoe', 'Andy Montañez', 'El Gran Combo De Puerto Rico', 'El Gran Combo']"
Andy & Lucas,"The  duo Andy and Lucas developed after the breakup of the 4-member group ""La Habana"" 

Andy and Lucas consists of Andrés Morales Troncoso and Lucas  Gonzalez Gomez, and they began as a street corner group, playing in the pubs and bars of Cádiz and the surrounding area. 

To date, they have released two discs--Andy y Lucas (in 2003) and Desde Mi Barrio (in November 2004)--and various compilations.

In August of 2005, they recorded a live album on Playa de la Victoria (Victory Beach) with the title ""¿Que no? , Anda que no"". <a href=""https://www.last.fm/music/Andy+&+Lucas"">Read more on Last.fm</a>",90006,734240,"['Fondo Flamenco', 'El Arrebato', 'David Bisbal', 'Melendi', 'Estopa']"
